half_nodes,loss_sse
10,18.364206169910357
100,8.736842825613936
1000,7.073427040201767
2000,8.039527110701991
