half_nodes,loss_sse
10,4.1757160267108535
100,0.5865620682383881
1000,0.46080056548928133
2000,0.9700757234092483
